{
  "HMuTauE_LFV_110": {
    "0.025": 13.7493,
    "0.16": 15.3163,
    "0.5": 15.7965,
    "0.84": 16.8996,
    "0.975": 17.3984,
    "mass": 110
  },
  "HMuTauE_LFV_115": {
    "0.025": 12.7225,
    "0.16": 13.4701,
    "0.5": 14.9362,
    "0.84": 15.8429,
    "0.975": 16.1715,
    "mass": 115
  },
  "HMuTauE_LFV_120": {
    "0.025": 12.019,
    "0.16": 13.0201,
    "0.5": 13.8249,
    "0.84": 14.718,
    "0.975": 14.9428,
    "mass": 120
  },
  "HMuTauE_LFV_125": {
    "0.025": 10.6714,
    "0.16": 12.5504,
    "0.5": 13.0519,
    "0.84": 13.8691,
    "0.975": 14.4258,
    "mass": 125
  },
  "HMuTauE_LFV_130": {
    "0.025": 10.3195,
    "0.16": 11.8096,
    "0.5": 12.1732,
    "0.84": 13.0129,
    "0.975": 13.766,
    "mass": 130
  },
  "HMuTauE_LFV_135": {
    "0.025": 10.216,
    "0.16": 11.1301,
    "0.5": 11.8609,
    "0.84": 12.5219,
    "0.975": 13.0388,
    "mass": 135
  },
  "HMuTauE_LFV_140": {
    "0.025": 9.73574,
    "0.16": 10.7618,
    "0.5": 11.3536,
    "0.84": 11.9766,
    "0.975": 12.4686,
    "mass": 140
  },
  "HMuTauE_LFV_145": {
    "0.025": 8.96767,
    "0.16": 9.80152,
    "0.5": 10.7765,
    "0.84": 11.558,
    "0.975": 11.8831,
    "mass": 145
  },
  "HMuTauE_LFV_150": {
    "0.025": 12.044,
    "0.16": 12.4081,
    "0.5": 13.0943,
    "0.84": 14.105,
    "0.975": 14.3124,
    "mass": 150
  },
  "HMuTauE_LFV_155": {
    "0.025": 27.9581,
    "0.16": 30.1685,
    "0.5": 32.6465,
    "0.84": 35.112,
    "0.975": 36.2537,
    "mass": 155
  },
  "HMuTauE_LFV_160": {
    "0.025": 114.393,
    "0.16": 123.448,
    "0.5": 131.157,
    "0.84": 136.516,
    "0.975": 141.062,
    "mass": 160
  }
}